Game_ID,Event_Number
./data/raw/motion/0021500001.json,193
./data/raw/motion/0021500001.json,287
./data/raw/motion/0021500001.json,322
./data/raw/motion/0021500001.json,378
./data/raw/motion/0021500001.json,400
./data/raw/motion/0021500001.json,401
./data/raw/motion/0021500001.json,402
./data/raw/motion/0021500001.json,403
./data/raw/motion/0021500001.json,404
./data/raw/motion/0021500001.json,456
./data/raw/motion/0021500002.json,136
./data/raw/motion/0021500004.json,67
./data/raw/motion/0021500004.json,304
./data/raw/motion/0021500005.json,51
./data/raw/motion/0021500005.json,52
./data/raw/motion/0021500005.json,114
./data/raw/motion/0021500005.json,115
./data/raw/motion/0021500005.json,171
./data/raw/motion/0021500005.json,172
./data/raw/motion/0021500005.json,173
./data/raw/motion/0021500005.json,174
./data/raw/motion/0021500005.json,344
./data/raw/motion/0021500005.json,374
./data/raw/motion/0021500007.json,87
./data/raw/motion/0021500007.json,88
./data/raw/motion/0021500007.json,186
./data/raw/motion/0021500012.json,1
./data/raw/motion/0021500016.json,223
./data/raw/motion/0021500016.json,259
./data/raw/motion/0021500016.json,260
./data/raw/motion/0021500016.json,261
./data/raw/motion/0021500016.json,262
./data/raw/motion/0021500016.json,263
./data/raw/motion/0021500017.json,38
./data/raw/motion/0021500017.json,39
./data/raw/motion/0021500017.json,41
./data/raw/motion/0021500017.json,214
./data/raw/motion/0021500018.json,251
./data/raw/motion/0021500018.json,316
./data/raw/motion/0021500018.json,317
./data/raw/motion/0021500018.json,339
./data/raw/motion/0021500018.json,352
./data/raw/motion/0021500018.json,422
./data/raw/motion/0021500018.json,423
./data/raw/motion/0021500019.json,236
./data/raw/motion/0021500019.json,237
./data/raw/motion/0021500019.json,336
./data/raw/motion/0021500019.json,337
./data/raw/motion/0021500020.json,286
./data/raw/motion/0021500020.json,287
./data/raw/motion/0021500021.json,306
./data/raw/motion/0021500022.json,41
./data/raw/motion/0021500022.json,42
./data/raw/motion/0021500022.json,48
./data/raw/motion/0021500022.json,146
./data/raw/motion/0021500022.json,147
./data/raw/motion/0021500022.json,148
./data/raw/motion/0021500022.json,430
./data/raw/motion/0021500022.json,431
./data/raw/motion/0021500022.json,432
./data/raw/motion/0021500023.json,196
./data/raw/motion/0021500024.json,47
./data/raw/motion/0021500024.json,69
./data/raw/motion/0021500024.json,193
./data/raw/motion/0021500024.json,194
./data/raw/motion/0021500025.json,174
./data/raw/motion/0021500025.json,263
./data/raw/motion/0021500025.json,264
./data/raw/motion/0021500025.json,294
./data/raw/motion/0021500026.json,32
./data/raw/motion/0021500026.json,50
./data/raw/motion/0021500026.json,51
./data/raw/motion/0021500026.json,52
./data/raw/motion/0021500026.json,364
./data/raw/motion/0021500027.json,130
./data/raw/motion/0021500027.json,135
./data/raw/motion/0021500027.json,136
./data/raw/motion/0021500027.json,291
./data/raw/motion/0021500027.json,292
./data/raw/motion/0021500027.json,293
./data/raw/motion/0021500027.json,309
./data/raw/motion/0021500031.json,408
./data/raw/motion/0021500032.json,388
./data/raw/motion/0021500032.json,424
./data/raw/motion/0021500032.json,425
./data/raw/motion/0021500032.json,426
./data/raw/motion/0021500032.json,436
./data/raw/motion/0021500032.json,508
./data/raw/motion/0021500033.json,183
./data/raw/motion/0021500034.json,8
./data/raw/motion/0021500034.json,9
./data/raw/motion/0021500034.json,136
./data/raw/motion/0021500035.json,37
./data/raw/motion/0021500035.json,38
./data/raw/motion/0021500037.json,254
./data/raw/motion/0021500037.json,255
./data/raw/motion/0021500038.json,341
./data/raw/motion/0021500045.json,9
./data/raw/motion/0021500045.json,10
./data/raw/motion/0021500045.json,228
./data/raw/motion/0021500045.json,229
./data/raw/motion/0021500045.json,230
./data/raw/motion/0021500045.json,272
./data/raw/motion/0021500045.json,273
